primary_key,name,image,detail,user_id
1,Cariana Carvalho,https://images.pexels.com/photos/46024/pexels-photo-46024.jpeg?auto=compress&cs=tinysrgb&dpr=2&h=650&w=940,pets,1
2,Greta  FÃ¸rre,https://images.pexels.com/photos/290164/pexels-photo-290164.jpeg?auto=compress&cs=tinysrgb&dpr=2&h=650&w=940,pets,2
3,Amanda Autio,https://images.pexels.com/photos/406014/pexels-photo-406014.jpeg?auto=compress&cs=tinysrgb&dpr=2&h=650&w=940,pets,3
4,Devin Bowman,https://images.pexels.com/photos/37860/border-collie-jump-water-british-sheepdog-37860.jpeg?auto=compress&cs=tinysrgb&dpr=2&h=650&w=940,pets,4
5,Liam Hughes,https://images.pexels.com/photos/39855/lamborghini-brno-racing-car-automobiles-39855.jpeg?auto=compress&cs=tinysrgb&dpr=2&h=650&w=940,pets,5
6,Bruno Lucas,https://images.pexels.com/photos/80465/ford-mustang-auto-vehicle-80465.jpeg?auto=compress&cs=tinysrgb&dpr=2&h=650&w=940,pets,6
7,Roberto Bailey,https://images.pexels.com/photos/248687/pexels-photo-248687.jpeg?auto=compress&cs=tinysrgb&dpr=2&h=650&w=940,pets,7
8,Paige Jones,https://images.pexels.com/photos/34950/pexels-photo.jpg?auto=compress&cs=tinysrgb&dpr=2&h=650&w=940,pets,8
9,Jared Hill,https://images.pexels.com/photos/40904/bmw-k-1300-metallic-motorcycle-40904.jpeg?auto=compress&cs=tinysrgb&dpr=2&h=650&w=940,pets,9
10,Kristen Lowe,https://images.pexels.com/photos/681795/pexels-photo-681795.jpeg?auto=compress&cs=tinysrgb&dpr=2&h=650&w=940,pets,10