primary_key,username,password,email
1,beautifulrabbit437,bathings,cariana.carvalho@example.com
2,greensnake218,entrance,greta.f√∏rre@example.com
3,browntiger180,spritely,amanda.autio@example.com
4,greenpeacock113,rooneylow,devon.bowman@example.com
5,orangegorilla202,junipers,liam.hughes@example.com
6,silverbird739,terryshow,bruno.lucas@example.com
7,beautifulzebra566,boxerbear,roberto.bailey@example.com
8,beautifulfish241,fourforty,paige.jones@example.com
9,brownfish642,qazwsxed,jared.hill@example.com
10,"""brownpeacock579""",aptivamen,kristen.lowe@example.com